               epoch,      train/box_loss,      train/obj_loss,      train/cls_loss,   metrics/precision,      metrics/recall,     metrics/mAP_0.5,metrics/mAP_0.5:0.95,        val/box_loss,        val/obj_loss,        val/cls_loss,               x/lr0,               x/lr1,               x/lr2
                   0,             0.11294,            0.038681,            0.045632,                   0,                   0,                   0,                   0,                 nan,                 nan,                 nan,              0.0892,              0.0012,              0.0012
                   1,             0.09066,            0.043213,            0.042347,                   0,                   0,                   0,                   0,                 nan,                 nan,                 nan,            0.077492,           0.0024918,           0.0024918
                   2,            0.071738,            0.038347,            0.038333,                   0,                   0,                   0,                   0,                 nan,                 nan,                 nan,            0.065775,           0.0037749,           0.0037749
                   3,            0.064294,            0.038604,             0.03693,                   0,                   0,                   0,                   0,                 nan,                 nan,                 nan,             0.05405,           0.0050495,           0.0050495
                   4,             0.05862,            0.036212,            0.032387,                   0,                   0,                   0,                   0,                 nan,                 nan,                 nan,            0.042316,           0.0063155,           0.0063155
                   5,            0.056894,            0.033416,            0.028079,                   0,                   0,                   0,                   0,                 nan,                 nan,                 nan,            0.030573,            0.007573,            0.007573
                   6,            0.058758,            0.035081,            0.026257,                   0,                   0,                   0,                   0,                 nan,                 nan,                 nan,            0.018822,           0.0088218,           0.0088218
                   7,            0.060834,            0.030181,            0.020785,                   0,                   0,                   0,                   0,                 nan,                 nan,                 nan,            0.009769,            0.009769,            0.009769
                   8,            0.054268,            0.031593,            0.018349,                   0,                   0,                   0,                   0,                 nan,                 nan,                 nan,            0.009769,            0.009769,            0.009769
                   9,            0.056201,            0.032203,            0.017438,                   0,                   0,                   0,                   0,                 nan,                 nan,                 nan,            0.009736,            0.009736,            0.009736
                  10,            0.053716,              0.0288,             0.01254,                   0,                   0,                   0,                   0,                 nan,                 nan,                 nan,            0.009703,            0.009703,            0.009703
                  11,            0.054975,            0.027205,            0.010431,                   0,                   0,                   0,                   0,                 nan,                 nan,                 nan,             0.00967,             0.00967,             0.00967
                  12,            0.056077,            0.030429,            0.010068,                   0,                   0,                   0,                   0,                 nan,                 nan,                 nan,            0.009637,            0.009637,            0.009637
                  13,            0.054675,            0.027629,            0.010498,                   0,                   0,                   0,                   0,                 nan,                 nan,                 nan,            0.009604,            0.009604,            0.009604
                  14,            0.050347,            0.030849,           0.0085993,                   0,                   0,                   0,                   0,                 nan,                 nan,                 nan,            0.009571,            0.009571,            0.009571
                  15,            0.052177,            0.030446,           0.0099234,                   0,                   0,                   0,                   0,                 nan,                 nan,                 nan,            0.009538,            0.009538,            0.009538
                  16,             0.04854,            0.028505,             0.01331,                   0,                   0,                   0,                   0,                 nan,                 nan,                 nan,            0.009505,            0.009505,            0.009505
                  17,            0.045318,            0.026447,            0.010026,                   0,                   0,                   0,                   0,                 nan,                 nan,                 nan,            0.009472,            0.009472,            0.009472
                  18,            0.049714,            0.030219,            0.012362,                   0,                   0,                   0,                   0,                 nan,                 nan,                 nan,            0.009439,            0.009439,            0.009439
                  19,            0.046367,            0.027626,           0.0099946,                   0,                   0,                   0,                   0,                 nan,                 nan,                 nan,            0.009406,            0.009406,            0.009406
                  20,            0.043782,            0.028268,            0.011227,                   0,                   0,                   0,                   0,                 nan,                 nan,                 nan,            0.009373,            0.009373,            0.009373
                  21,            0.045123,            0.028373,            0.011132,                   0,                   0,                   0,                   0,                 nan,                 nan,                 nan,             0.00934,             0.00934,             0.00934
                  22,            0.044051,            0.028275,           0.0067448,                   0,                   0,                   0,                   0,                 nan,                 nan,                 nan,            0.009307,            0.009307,            0.009307
                  23,            0.047449,            0.028344,           0.0097935,                   0,                   0,                   0,                   0,                 nan,                 nan,                 nan,            0.009274,            0.009274,            0.009274
                  24,            0.042986,             0.02822,           0.0070682,                   0,                   0,                   0,                   0,                 nan,                 nan,                 nan,            0.009241,            0.009241,            0.009241
                  25,            0.043453,            0.027417,            0.008946,                   0,                   0,                   0,                   0,                 nan,                 nan,                 nan,            0.009208,            0.009208,            0.009208
                  26,            0.039509,            0.027065,            0.005934,                   0,                   0,                   0,                   0,                 nan,                 nan,                 nan,            0.009175,            0.009175,            0.009175
                  27,            0.041157,            0.026184,           0.0067052,                   0,                   0,                   0,                   0,                 nan,                 nan,                 nan,            0.009142,            0.009142,            0.009142
                  28,            0.041615,            0.025909,           0.0065734,                   0,                   0,                   0,                   0,                 nan,                 nan,                 nan,            0.009109,            0.009109,            0.009109
                  29,            0.039945,            0.024946,           0.0052473,                   0,                   0,                   0,                   0,                 nan,                 nan,                 nan,            0.009076,            0.009076,            0.009076
                  30,            0.042205,            0.026952,           0.0067877,                   0,                   0,                   0,                   0,                 nan,                 nan,                 nan,            0.009043,            0.009043,            0.009043
                  31,            0.038617,            0.027276,           0.0052885,                   0,                   0,                   0,                   0,                 nan,                 nan,                 nan,             0.00901,             0.00901,             0.00901
                  32,            0.041849,            0.026419,           0.0056004,                   0,                   0,                   0,                   0,                 nan,                 nan,                 nan,            0.008977,            0.008977,            0.008977
                  33,            0.037798,             0.02684,           0.0077328,                   0,                   0,                   0,                   0,                 nan,                 nan,                 nan,            0.008944,            0.008944,            0.008944
                  34,            0.038345,            0.025991,           0.0067808,                   0,                   0,                   0,                   0,                 nan,                 nan,                 nan,            0.008911,            0.008911,            0.008911
                  35,            0.039315,            0.024541,           0.0061308,                   0,                   0,                   0,                   0,                 nan,                 nan,                 nan,            0.008878,            0.008878,            0.008878
                  36,            0.039388,            0.028654,           0.0074573,                   0,                   0,                   0,                   0,                 nan,                 nan,                 nan,            0.008845,            0.008845,            0.008845
                  37,            0.035864,            0.023995,           0.0063148,                   0,                   0,                   0,                   0,                 nan,                 nan,                 nan,            0.008812,            0.008812,            0.008812
                  38,            0.036724,            0.025079,            0.006312,                   0,                   0,                   0,                   0,                 nan,                 nan,                 nan,            0.008779,            0.008779,            0.008779
                  39,            0.039025,            0.025733,            0.005736,                   0,                   0,                   0,                   0,                 nan,                 nan,                 nan,            0.008746,            0.008746,            0.008746
                  40,            0.037763,            0.024267,           0.0058541,                   0,                   0,                   0,                   0,                 nan,                 nan,                 nan,            0.008713,            0.008713,            0.008713
                  41,            0.036148,            0.024071,           0.0060807,                   0,                   0,                   0,                   0,                 nan,                 nan,                 nan,             0.00868,             0.00868,             0.00868
                  42,            0.038828,            0.024826,           0.0068697,                   0,                   0,                   0,                   0,                 nan,                 nan,                 nan,            0.008647,            0.008647,            0.008647
                  43,            0.035875,            0.026835,           0.0074991,                   0,                   0,                   0,                   0,                 nan,                 nan,                 nan,            0.008614,            0.008614,            0.008614
                  44,             0.03424,            0.024485,           0.0063725,                   0,                   0,                   0,                   0,                 nan,                 nan,                 nan,            0.008581,            0.008581,            0.008581
                  45,            0.037289,            0.023333,            0.007556,                   0,                   0,                   0,                   0,                 nan,                 nan,                 nan,            0.008548,            0.008548,            0.008548
                  46,            0.039723,            0.024372,           0.0084807,                   0,                   0,                   0,                   0,                 nan,                 nan,                 nan,            0.008515,            0.008515,            0.008515
                  47,            0.035007,            0.024888,           0.0044284,                   0,                   0,                   0,                   0,                 nan,                 nan,                 nan,            0.008482,            0.008482,            0.008482
                  48,            0.036124,            0.024131,           0.0063758,                   0,                   0,                   0,                   0,                 nan,                 nan,                 nan,            0.008449,            0.008449,            0.008449
                  49,            0.037249,              0.0243,           0.0066106,                   0,                   0,                   0,                   0,                 nan,                 nan,                 nan,            0.008416,            0.008416,            0.008416
                  50,            0.037598,            0.025994,           0.0059635,                   0,                   0,                   0,                   0,                 nan,                 nan,                 nan,            0.008383,            0.008383,            0.008383
                  51,            0.035387,            0.025217,           0.0093812,                   0,                   0,                   0,                   0,                 nan,                 nan,                 nan,             0.00835,             0.00835,             0.00835
                  52,            0.032473,             0.02436,           0.0047278,                   0,                   0,                   0,                   0,                 nan,                 nan,                 nan,            0.008317,            0.008317,            0.008317
                  53,            0.035327,            0.024519,            0.008375,                   0,                   0,                   0,                   0,                 nan,                 nan,                 nan,            0.008284,            0.008284,            0.008284
                  54,            0.035355,             0.02437,            0.004596,                   0,                   0,                   0,                   0,                 nan,                 nan,                 nan,            0.008251,            0.008251,            0.008251
                  55,            0.037983,            0.024518,           0.0090838,                   0,                   0,                   0,                   0,                 nan,                 nan,                 nan,            0.008218,            0.008218,            0.008218
                  56,            0.036679,            0.023298,           0.0042867,                   0,                   0,                   0,                   0,                 nan,                 nan,                 nan,            0.008185,            0.008185,            0.008185
                  57,            0.034142,            0.022525,           0.0042069,                   0,                   0,                   0,                   0,                 nan,                 nan,                 nan,            0.008152,            0.008152,            0.008152
                  58,            0.034093,            0.023739,           0.0072221,                   0,                   0,                   0,                   0,                 nan,                 nan,                 nan,            0.008119,            0.008119,            0.008119
                  59,            0.031295,            0.024257,            0.010665,                   0,                   0,                   0,                   0,                 nan,                 nan,                 nan,            0.008086,            0.008086,            0.008086
                  60,            0.032275,            0.022123,           0.0058067,                   0,                   0,                   0,                   0,                 nan,                 nan,                 nan,            0.008053,            0.008053,            0.008053
                  61,            0.033399,            0.023669,           0.0063816,                   0,                   0,                   0,                   0,                 nan,                 nan,                 nan,             0.00802,             0.00802,             0.00802
                  62,            0.033418,            0.024514,           0.0047829,                   0,                   0,                   0,                   0,                 nan,                 nan,                 nan,            0.007987,            0.007987,            0.007987
                  63,             0.03549,             0.02421,           0.0042443,                   0,                   0,                   0,                   0,                 nan,                 nan,                 nan,            0.007954,            0.007954,            0.007954
                  64,            0.033807,            0.023104,           0.0045735,                   0,                   0,                   0,                   0,                 nan,                 nan,                 nan,            0.007921,            0.007921,            0.007921
                  65,            0.034275,            0.023365,           0.0040155,                   0,                   0,                   0,                   0,                 nan,                 nan,                 nan,            0.007888,            0.007888,            0.007888
                  66,             0.03286,            0.024742,           0.0034766,                   0,                   0,                   0,                   0,                 nan,                 nan,                 nan,            0.007855,            0.007855,            0.007855
                  67,            0.032467,            0.022959,           0.0052663,                   0,                   0,                   0,                   0,                 nan,                 nan,                 nan,            0.007822,            0.007822,            0.007822
                  68,            0.033831,            0.022993,           0.0042206,                   0,                   0,                   0,                   0,                 nan,                 nan,                 nan,            0.007789,            0.007789,            0.007789
                  69,            0.032121,            0.020868,           0.0040204,                   0,                   0,                   0,                   0,                 nan,                 nan,                 nan,            0.007756,            0.007756,            0.007756
                  70,            0.031785,            0.022942,           0.0052004,                   0,                   0,                   0,                   0,                 nan,                 nan,                 nan,            0.007723,            0.007723,            0.007723
                  71,             0.03291,            0.022817,           0.0033632,                   0,                   0,                   0,                   0,                 nan,                 nan,                 nan,             0.00769,             0.00769,             0.00769
                  72,            0.031674,            0.023838,            0.004087,                   0,                   0,                   0,                   0,                 nan,                 nan,                 nan,            0.007657,            0.007657,            0.007657
                  73,            0.032065,            0.020794,           0.0062328,                   0,                   0,                   0,                   0,                 nan,                 nan,                 nan,            0.007624,            0.007624,            0.007624
                  74,            0.031764,            0.021793,           0.0024677,                   0,                   0,                   0,                   0,                 nan,                 nan,                 nan,            0.007591,            0.007591,            0.007591
                  75,            0.032495,            0.022319,           0.0030561,                   0,                   0,                   0,                   0,                 nan,                 nan,                 nan,            0.007558,            0.007558,            0.007558
                  76,            0.033459,            0.021444,           0.0031646,                   0,                   0,                   0,                   0,                 nan,                 nan,                 nan,            0.007525,            0.007525,            0.007525
                  77,            0.027376,            0.021796,           0.0028632,                   0,                   0,                   0,                   0,                 nan,                 nan,                 nan,            0.007492,            0.007492,            0.007492
                  78,            0.032512,            0.023024,           0.0042754,                   0,                   0,                   0,                   0,                 nan,                 nan,                 nan,            0.007459,            0.007459,            0.007459
                  79,            0.030967,            0.020325,            0.005484,                   0,                   0,                   0,                   0,                 nan,                 nan,                 nan,            0.007426,            0.007426,            0.007426
                  80,            0.031941,            0.021806,           0.0064793,                   0,                   0,                   0,                   0,                 nan,                 nan,                 nan,            0.007393,            0.007393,            0.007393
                  81,            0.030545,            0.021008,           0.0030895,                   0,                   0,                   0,                   0,                 nan,                 nan,                 nan,             0.00736,             0.00736,             0.00736
                  82,            0.030044,            0.019565,           0.0032999,                   0,                   0,                   0,                   0,                 nan,                 nan,                 nan,            0.007327,            0.007327,            0.007327
                  83,            0.030137,            0.020559,            0.003927,                   0,                   0,                   0,                   0,                 nan,                 nan,                 nan,            0.007294,            0.007294,            0.007294
                  84,            0.031813,            0.019311,           0.0033088,                   0,                   0,                   0,                   0,                 nan,                 nan,                 nan,            0.007261,            0.007261,            0.007261
                  85,            0.027329,            0.020459,           0.0029244,                   0,                   0,                   0,                   0,                 nan,                 nan,                 nan,            0.007228,            0.007228,            0.007228
                  86,            0.032729,            0.021388,            0.003659,                   0,                   0,                   0,                   0,                 nan,                 nan,                 nan,            0.007195,            0.007195,            0.007195
                  87,            0.030807,            0.022574,           0.0032001,                   0,                   0,                   0,                   0,                 nan,                 nan,                 nan,            0.007162,            0.007162,            0.007162
                  88,            0.030523,            0.019927,           0.0061843,                   0,                   0,                   0,                   0,                 nan,                 nan,                 nan,            0.007129,            0.007129,            0.007129
                  89,            0.028083,            0.021813,           0.0027912,                   0,                   0,                   0,                   0,                 nan,                 nan,                 nan,            0.007096,            0.007096,            0.007096
                  90,            0.029711,            0.021288,           0.0034569,                   0,                   0,                   0,                   0,                 nan,                 nan,                 nan,            0.007063,            0.007063,            0.007063
                  91,            0.029313,            0.020462,           0.0034663,                   0,                   0,                   0,                   0,                 nan,                 nan,                 nan,             0.00703,             0.00703,             0.00703
                  92,            0.029879,            0.019998,           0.0023787,                   0,                   0,                   0,                   0,                 nan,                 nan,                 nan,            0.006997,            0.006997,            0.006997
                  93,            0.027481,            0.020585,           0.0051668,                   0,                   0,                   0,                   0,                 nan,                 nan,                 nan,            0.006964,            0.006964,            0.006964
                  94,            0.028578,            0.020171,           0.0029239,                   0,                   0,                   0,                   0,                 nan,                 nan,                 nan,            0.006931,            0.006931,            0.006931
                  95,             0.02995,            0.020585,           0.0026792,                   0,                   0,                   0,                   0,                 nan,                 nan,                 nan,            0.006898,            0.006898,            0.006898
                  96,            0.029477,             0.01917,           0.0044919,                   0,                   0,                   0,                   0,                 nan,                 nan,                 nan,            0.006865,            0.006865,            0.006865
                  97,            0.030568,            0.022242,           0.0045276,                   0,                   0,                   0,                   0,                 nan,                 nan,                 nan,            0.006832,            0.006832,            0.006832
                  98,            0.027923,            0.021182,           0.0029028,                   0,                   0,                   0,                   0,                 nan,                 nan,                 nan,            0.006799,            0.006799,            0.006799
                  99,            0.028096,            0.022921,           0.0041226,                   0,                   0,                   0,                   0,                 nan,                 nan,                 nan,            0.006766,            0.006766,            0.006766
                 100,            0.028395,            0.021347,           0.0051838,                   0,                   0,                   0,                   0,                 nan,                 nan,                 nan,            0.006733,            0.006733,            0.006733
                 101,             0.02715,            0.020921,           0.0043449,                   0,                   0,                   0,                   0,                 nan,                 nan,                 nan,              0.0067,              0.0067,              0.0067
                 102,            0.029351,            0.020536,           0.0026584,                   0,                   0,                   0,                   0,                 nan,                 nan,                 nan,            0.006667,            0.006667,            0.006667
                 103,            0.028437,            0.020963,           0.0036409,                   0,                   0,                   0,                   0,                 nan,                 nan,                 nan,            0.006634,            0.006634,            0.006634
                 104,            0.027214,            0.020759,           0.0044699,                   0,                   0,                   0,                   0,                 nan,                 nan,                 nan,            0.006601,            0.006601,            0.006601
                 105,            0.029824,            0.020397,           0.0026549,                   0,                   0,                   0,                   0,                 nan,                 nan,                 nan,            0.006568,            0.006568,            0.006568
                 106,            0.029835,            0.020624,           0.0054956,                   0,                   0,                   0,                   0,                 nan,                 nan,                 nan,            0.006535,            0.006535,            0.006535
                 107,            0.028311,            0.022457,           0.0027746,                   0,                   0,                   0,                   0,                 nan,                 nan,                 nan,            0.006502,            0.006502,            0.006502
                 108,             0.02815,            0.020043,           0.0041448,                   0,                   0,                   0,                   0,                 nan,                 nan,                 nan,            0.006469,            0.006469,            0.006469
                 109,            0.027561,            0.020491,            0.002802,                   0,                   0,                   0,                   0,                 nan,                 nan,                 nan,            0.006436,            0.006436,            0.006436
                 110,            0.028862,            0.020116,           0.0034733,                   0,                   0,                   0,                   0,                 nan,                 nan,                 nan,            0.006403,            0.006403,            0.006403
                 111,            0.028823,            0.018355,           0.0064336,                   0,                   0,                   0,                   0,                 nan,                 nan,                 nan,             0.00637,             0.00637,             0.00637
                 112,            0.028494,            0.019147,           0.0037551,                   0,                   0,                   0,                   0,                 nan,                 nan,                 nan,            0.006337,            0.006337,            0.006337
                 113,            0.029065,            0.020114,           0.0042562,                   0,                   0,                   0,                   0,                 nan,                 nan,                 nan,            0.006304,            0.006304,            0.006304
                 114,            0.027532,            0.020242,           0.0040903,                   0,                   0,                   0,                   0,                 nan,                 nan,                 nan,            0.006271,            0.006271,            0.006271
                 115,            0.027049,            0.020964,           0.0025029,                   0,                   0,                   0,                   0,                 nan,                 nan,                 nan,            0.006238,            0.006238,            0.006238
                 116,            0.025884,            0.020008,           0.0020016,                   0,                   0,                   0,                   0,                 nan,                 nan,                 nan,            0.006205,            0.006205,            0.006205
                 117,            0.025466,             0.02012,           0.0041314,                   0,                   0,                   0,                   0,                 nan,                 nan,                 nan,            0.006172,            0.006172,            0.006172
                 118,            0.029123,            0.020208,           0.0042378,                   0,                   0,                   0,                   0,                 nan,                 nan,                 nan,            0.006139,            0.006139,            0.006139
                 119,            0.027811,            0.019854,           0.0079464,                   0,                   0,                   0,                   0,                 nan,                 nan,                 nan,            0.006106,            0.006106,            0.006106
                 120,             0.02864,            0.020262,           0.0041432,                   0,                   0,                   0,                   0,                 nan,                 nan,                 nan,            0.006073,            0.006073,            0.006073
                 121,            0.027193,            0.019807,           0.0030579,                   0,                   0,                   0,                   0,                 nan,                 nan,                 nan,             0.00604,             0.00604,             0.00604
                 122,            0.028336,            0.020096,           0.0033888,                   0,                   0,                   0,                   0,                 nan,                 nan,                 nan,            0.006007,            0.006007,            0.006007
                 123,             0.02941,            0.020166,           0.0047947,                   0,                   0,                   0,                   0,                 nan,                 nan,                 nan,            0.005974,            0.005974,            0.005974
                 124,            0.026982,            0.020106,           0.0047115,                   0,                   0,                   0,                   0,                 nan,                 nan,                 nan,            0.005941,            0.005941,            0.005941
                 125,            0.026548,            0.021755,           0.0039577,                   0,                   0,                   0,                   0,                 nan,                 nan,                 nan,            0.005908,            0.005908,            0.005908
                 126,            0.027683,            0.018301,           0.0029751,                   0,                   0,                   0,                   0,                 nan,                 nan,                 nan,            0.005875,            0.005875,            0.005875
                 127,            0.027901,            0.019584,           0.0042967,                   0,                   0,                   0,                   0,                 nan,                 nan,                 nan,            0.005842,            0.005842,            0.005842
                 128,            0.025936,            0.017462,           0.0033463,                   0,                   0,                   0,                   0,                 nan,                 nan,                 nan,            0.005809,            0.005809,            0.005809
                 129,            0.026844,            0.018873,           0.0025457,                   0,                   0,                   0,                   0,                 nan,                 nan,                 nan,            0.005776,            0.005776,            0.005776
                 130,            0.025959,            0.019906,           0.0021949,                   0,                   0,                   0,                   0,                 nan,                 nan,                 nan,            0.005743,            0.005743,            0.005743
                 131,            0.024416,            0.020201,           0.0020914,                   0,                   0,                   0,                   0,                 nan,                 nan,                 nan,             0.00571,             0.00571,             0.00571
                 132,            0.026935,            0.019171,           0.0026813,                   0,                   0,                   0,                   0,                 nan,                 nan,                 nan,            0.005677,            0.005677,            0.005677
                 133,            0.026512,            0.018171,           0.0025936,                   0,                   0,                   0,                   0,                 nan,                 nan,                 nan,            0.005644,            0.005644,            0.005644
                 134,            0.026515,            0.018516,           0.0019867,                   0,                   0,                   0,                   0,                 nan,                 nan,                 nan,            0.005611,            0.005611,            0.005611
                 135,            0.025419,            0.019738,           0.0020381,                   0,                   0,                   0,                   0,                 nan,                 nan,                 nan,            0.005578,            0.005578,            0.005578
                 136,            0.027019,            0.019717,           0.0032471,                   0,                   0,                   0,                   0,                 nan,                 nan,                 nan,            0.005545,            0.005545,            0.005545
                 137,            0.023549,            0.018439,           0.0014872,                   0,                   0,                   0,                   0,                 nan,                 nan,                 nan,            0.005512,            0.005512,            0.005512
                 138,            0.023535,            0.019208,           0.0030264,                   0,                   0,                   0,                   0,                 nan,                 nan,                 nan,            0.005479,            0.005479,            0.005479
                 139,            0.027366,            0.019355,           0.0028954,                   0,                   0,                   0,                   0,                 nan,                 nan,                 nan,            0.005446,            0.005446,            0.005446
                 140,            0.023676,             0.01767,            0.004072,                   0,                   0,                   0,                   0,                 nan,                 nan,                 nan,            0.005413,            0.005413,            0.005413
                 141,            0.025221,            0.019438,            0.001834,                   0,                   0,                   0,                   0,                 nan,                 nan,                 nan,             0.00538,             0.00538,             0.00538
                 142,            0.024564,            0.018034,            0.001613,                   0,                   0,                   0,                   0,                 nan,                 nan,                 nan,            0.005347,            0.005347,            0.005347
                 143,            0.024622,            0.017336,           0.0021512,                   0,                   0,                   0,                   0,                 nan,                 nan,                 nan,            0.005314,            0.005314,            0.005314
                 144,            0.024456,             0.01888,           0.0030445,                   0,                   0,                   0,                   0,                 nan,                 nan,                 nan,            0.005281,            0.005281,            0.005281
                 145,            0.023564,            0.017958,           0.0018853,                   0,                   0,                   0,                   0,                 nan,                 nan,                 nan,            0.005248,            0.005248,            0.005248
                 146,            0.024607,            0.018035,           0.0015298,                   0,                   0,                   0,                   0,                 nan,                 nan,                 nan,            0.005215,            0.005215,            0.005215
                 147,            0.024373,            0.018165,           0.0022867,                   0,                   0,                   0,                   0,                 nan,                 nan,                 nan,            0.005182,            0.005182,            0.005182
                 148,            0.027844,            0.018299,           0.0032435,                   0,                   0,                   0,                   0,                 nan,                 nan,                 nan,            0.005149,            0.005149,            0.005149
                 149,             0.02366,            0.018384,           0.0017358,                   0,                   0,                   0,                   0,                 nan,                 nan,                 nan,            0.005116,            0.005116,            0.005116
                 150,            0.023532,             0.01839,           0.0032166,                   0,                   0,                   0,                   0,                 nan,                 nan,                 nan,            0.005083,            0.005083,            0.005083
                 151,            0.023445,            0.019649,           0.0013294,                   0,                   0,                   0,                   0,                 nan,                 nan,                 nan,             0.00505,             0.00505,             0.00505
                 152,            0.021799,            0.019788,           0.0030562,                   0,                   0,                   0,                   0,                 nan,                 nan,                 nan,            0.005017,            0.005017,            0.005017
                 153,            0.021631,            0.018293,            0.002461,                   0,                   0,                   0,                   0,                 nan,                 nan,                 nan,            0.004984,            0.004984,            0.004984
                 154,             0.02519,            0.019056,           0.0017308,                   0,                   0,                   0,                   0,                 nan,                 nan,                 nan,            0.004951,            0.004951,            0.004951
                 155,            0.024502,            0.017225,           0.0022066,                   0,                   0,                   0,                   0,                 nan,                 nan,                 nan,            0.004918,            0.004918,            0.004918
                 156,            0.025399,            0.018517,             0.00162,                   0,                   0,                   0,                   0,                 nan,                 nan,                 nan,            0.004885,            0.004885,            0.004885
                 157,            0.023268,            0.019642,           0.0022105,                   0,                   0,                   0,                   0,                 nan,                 nan,                 nan,            0.004852,            0.004852,            0.004852
                 158,            0.023249,            0.018146,           0.0029588,                   0,                   0,                   0,                   0,                 nan,                 nan,                 nan,            0.004819,            0.004819,            0.004819
                 159,            0.023677,            0.018106,           0.0018287,                   0,                   0,                   0,                   0,                 nan,                 nan,                 nan,            0.004786,            0.004786,            0.004786
                 160,            0.023989,             0.01725,           0.0024479,                   0,                   0,                   0,                   0,                 nan,                 nan,                 nan,            0.004753,            0.004753,            0.004753
                 161,            0.025109,            0.019403,           0.0017173,                   0,                   0,                   0,                   0,                 nan,                 nan,                 nan,             0.00472,             0.00472,             0.00472
                 162,            0.020955,            0.017638,           0.0023075,                   0,                   0,                   0,                   0,                 nan,                 nan,                 nan,            0.004687,            0.004687,            0.004687
                 163,            0.024768,              0.0184,           0.0026926,                   0,                   0,                   0,                   0,                 nan,                 nan,                 nan,            0.004654,            0.004654,            0.004654
                 164,            0.023645,            0.018485,           0.0018136,                   0,                   0,                   0,                   0,                 nan,                 nan,                 nan,            0.004621,            0.004621,            0.004621
                 165,            0.024306,            0.017888,           0.0019571,                   0,                   0,                   0,                   0,                 nan,                 nan,                 nan,            0.004588,            0.004588,            0.004588
                 166,            0.024998,            0.017313,            0.001775,                   0,                   0,                   0,                   0,                 nan,                 nan,                 nan,            0.004555,            0.004555,            0.004555
                 167,            0.023786,             0.01816,           0.0016441,                   0,                   0,                   0,                   0,                 nan,                 nan,                 nan,            0.004522,            0.004522,            0.004522
                 168,            0.021602,            0.018385,           0.0016103,                   0,                   0,                   0,                   0,                 nan,                 nan,                 nan,            0.004489,            0.004489,            0.004489
                 169,            0.020768,            0.016456,           0.0019012,                   0,                   0,                   0,                   0,                 nan,                 nan,                 nan,            0.004456,            0.004456,            0.004456
                 170,            0.022195,            0.016692,            0.001286,                   0,                   0,                   0,                   0,                 nan,                 nan,                 nan,            0.004423,            0.004423,            0.004423
                 171,            0.023948,            0.020084,           0.0021481,                   0,                   0,                   0,                   0,                 nan,                 nan,                 nan,             0.00439,             0.00439,             0.00439
                 172,            0.023819,            0.018522,           0.0015999,                   0,                   0,                   0,                   0,                 nan,                 nan,                 nan,            0.004357,            0.004357,            0.004357
                 173,             0.02342,            0.016562,           0.0023516,                   0,                   0,                   0,                   0,                 nan,                 nan,                 nan,            0.004324,            0.004324,            0.004324
                 174,            0.022215,            0.016476,            0.002975,                   0,                   0,                   0,                   0,                 nan,                 nan,                 nan,            0.004291,            0.004291,            0.004291
                 175,            0.021989,            0.017261,           0.0041555,                   0,                   0,                   0,                   0,                 nan,                 nan,                 nan,            0.004258,            0.004258,            0.004258
                 176,            0.023816,            0.018158,           0.0036191,                   0,                   0,                   0,                   0,                 nan,                 nan,                 nan,            0.004225,            0.004225,            0.004225
                 177,            0.022815,             0.01725,           0.0017257,                   0,                   0,                   0,                   0,                 nan,                 nan,                 nan,            0.004192,            0.004192,            0.004192
                 178,            0.022537,            0.019169,           0.0016439,                   0,                   0,                   0,                   0,                 nan,                 nan,                 nan,            0.004159,            0.004159,            0.004159
                 179,            0.020401,            0.018093,           0.0012621,                   0,                   0,                   0,                   0,                 nan,                 nan,                 nan,            0.004126,            0.004126,            0.004126
                 180,             0.01972,            0.017774,           0.0022095,                   0,                   0,                   0,                   0,                 nan,                 nan,                 nan,            0.004093,            0.004093,            0.004093
                 181,            0.020471,            0.016867,           0.0011661,                   0,                   0,                   0,                   0,                 nan,                 nan,                 nan,             0.00406,             0.00406,             0.00406
                 182,            0.022455,            0.016666,           0.0018419,                   0,                   0,                   0,                   0,                 nan,                 nan,                 nan,            0.004027,            0.004027,            0.004027
                 183,            0.023454,            0.015795,           0.0041689,                   0,                   0,                   0,                   0,                 nan,                 nan,                 nan,            0.003994,            0.003994,            0.003994
                 184,            0.020873,            0.017051,           0.0022941,                   0,                   0,                   0,                   0,                 nan,                 nan,                 nan,            0.003961,            0.003961,            0.003961
                 185,            0.020065,            0.017916,           0.0015747,                   0,                   0,                   0,                   0,                 nan,                 nan,                 nan,            0.003928,            0.003928,            0.003928
                 186,            0.021382,            0.017704,           0.0026937,                   0,                   0,                   0,                   0,                 nan,                 nan,                 nan,            0.003895,            0.003895,            0.003895
                 187,            0.022565,            0.017813,           0.0016024,                   0,                   0,                   0,                   0,                 nan,                 nan,                 nan,            0.003862,            0.003862,            0.003862
                 188,            0.022495,             0.01791,           0.0024096,                   0,                   0,                   0,                   0,                 nan,                 nan,                 nan,            0.003829,            0.003829,            0.003829
                 189,            0.021583,            0.016392,           0.0027213,                   0,                   0,                   0,                   0,                 nan,                 nan,                 nan,            0.003796,            0.003796,            0.003796
                 190,            0.022312,            0.016065,           0.0011881,                   0,                   0,                   0,                   0,                 nan,                 nan,                 nan,            0.003763,            0.003763,            0.003763
                 191,            0.020992,            0.016407,           0.0012289,                   0,                   0,                   0,                   0,                 nan,                 nan,                 nan,             0.00373,             0.00373,             0.00373
                 192,            0.023131,            0.017694,           0.0024549,                   0,                   0,                   0,                   0,                 nan,                 nan,                 nan,            0.003697,            0.003697,            0.003697
                 193,            0.021422,            0.016341,           0.0018764,                   0,                   0,                   0,                   0,                 nan,                 nan,                 nan,            0.003664,            0.003664,            0.003664
                 194,            0.020957,             0.01725,           0.0012944,                   0,                   0,                   0,                   0,                 nan,                 nan,                 nan,            0.003631,            0.003631,            0.003631
                 195,            0.020903,            0.015462,           0.0010764,                   0,                   0,                   0,                   0,                 nan,                 nan,                 nan,            0.003598,            0.003598,            0.003598
                 196,            0.022731,            0.016119,           0.0016995,                   0,                   0,                   0,                   0,                 nan,                 nan,                 nan,            0.003565,            0.003565,            0.003565
                 197,            0.021409,            0.017339,           0.0023858,                   0,                   0,                   0,                   0,                 nan,                 nan,                 nan,            0.003532,            0.003532,            0.003532
                 198,            0.020978,            0.016458,           0.0011344,                   0,                   0,                   0,                   0,                 nan,                 nan,                 nan,            0.003499,            0.003499,            0.003499
                 199,             0.02076,            0.016466,           0.0010551,                   0,                   0,                   0,                   0,                 nan,                 nan,                 nan,            0.003466,            0.003466,            0.003466
                 200,            0.019138,            0.015881,           0.0009361,                   0,                   0,                   0,                   0,                 nan,                 nan,                 nan,            0.003433,            0.003433,            0.003433
                 201,            0.020404,            0.015188,           0.0019501,                   0,                   0,                   0,                   0,                 nan,                 nan,                 nan,              0.0034,              0.0034,              0.0034
                 202,             0.02215,            0.016859,           0.0015463,                   0,                   0,                   0,                   0,                 nan,                 nan,                 nan,            0.003367,            0.003367,            0.003367
                 203,            0.020118,            0.016351,            0.001597,                   0,                   0,                   0,                   0,                 nan,                 nan,                 nan,            0.003334,            0.003334,            0.003334
                 204,            0.021905,            0.016391,           0.0014138,                   0,                   0,                   0,                   0,                 nan,                 nan,                 nan,            0.003301,            0.003301,            0.003301
                 205,            0.021404,             0.01694,           0.0018841,                   0,                   0,                   0,                   0,                 nan,                 nan,                 nan,            0.003268,            0.003268,            0.003268
                 206,            0.020505,            0.016505,           0.0010554,                   0,                   0,                   0,                   0,                 nan,                 nan,                 nan,            0.003235,            0.003235,            0.003235
                 207,            0.021706,            0.016907,           0.0013568,                   0,                   0,                   0,                   0,                 nan,                 nan,                 nan,            0.003202,            0.003202,            0.003202
                 208,             0.02029,            0.016123,           0.0011093,                   0,                   0,                   0,                   0,                 nan,                 nan,                 nan,            0.003169,            0.003169,            0.003169
                 209,            0.021262,            0.015823,           0.0013962,                   0,                   0,                   0,                   0,                 nan,                 nan,                 nan,            0.003136,            0.003136,            0.003136
                 210,            0.020114,            0.016272,           0.0010458,                   0,                   0,                   0,                   0,                 nan,                 nan,                 nan,            0.003103,            0.003103,            0.003103
                 211,            0.019684,            0.015319,           0.0011474,                   0,                   0,                   0,                   0,                 nan,                 nan,                 nan,             0.00307,             0.00307,             0.00307
                 212,            0.018605,            0.015383,           0.0011681,                   0,                   0,                   0,                   0,                 nan,                 nan,                 nan,            0.003037,            0.003037,            0.003037
                 213,            0.020322,            0.015084,           0.0014489,                   0,                   0,                   0,                   0,                 nan,                 nan,                 nan,            0.003004,            0.003004,            0.003004
                 214,            0.021696,            0.016081,           0.0016203,                   0,                   0,                   0,                   0,                 nan,                 nan,                 nan,            0.002971,            0.002971,            0.002971
                 215,            0.018385,            0.016162,           0.0017955,                   0,                   0,                   0,                   0,                 nan,                 nan,                 nan,            0.002938,            0.002938,            0.002938
                 216,             0.01885,            0.015995,            0.000969,                   0,                   0,                   0,                   0,                 nan,                 nan,                 nan,            0.002905,            0.002905,            0.002905
                 217,            0.021507,             0.01553,            0.003033,                   0,                   0,                   0,                   0,                 nan,                 nan,                 nan,            0.002872,            0.002872,            0.002872
                 218,            0.019168,            0.015687,          0.00090738,                   0,                   0,                   0,                   0,                 nan,                 nan,                 nan,            0.002839,            0.002839,            0.002839
                 219,            0.017771,            0.014602,           0.0027142,                   0,                   0,                   0,                   0,                 nan,                 nan,                 nan,            0.002806,            0.002806,            0.002806
                 220,             0.02105,            0.014892,           0.0021159,                   0,                   0,                   0,                   0,                 nan,                 nan,                 nan,            0.002773,            0.002773,            0.002773
                 221,            0.020528,            0.016361,           0.0010369,                   0,                   0,                   0,                   0,                 nan,                 nan,                 nan,             0.00274,             0.00274,             0.00274
                 222,             0.01939,            0.016898,           0.0011002,                   0,                   0,                   0,                   0,                 nan,                 nan,                 nan,            0.002707,            0.002707,            0.002707
                 223,            0.021488,            0.016272,           0.0014755,                   0,                   0,                   0,                   0,                 nan,                 nan,                 nan,            0.002674,            0.002674,            0.002674
                 224,             0.01919,            0.016063,           0.0012512,                   0,                   0,                   0,                   0,                 nan,                 nan,                 nan,            0.002641,            0.002641,            0.002641
                 225,            0.020965,            0.014661,           0.0025057,                   0,                   0,                   0,                   0,                 nan,                 nan,                 nan,            0.002608,            0.002608,            0.002608
                 226,            0.019532,            0.016358,           0.0030861,                   0,                   0,                   0,                   0,                 nan,                 nan,                 nan,            0.002575,            0.002575,            0.002575
                 227,            0.019291,            0.015346,           0.0010463,                   0,                   0,                   0,                   0,                 nan,                 nan,                 nan,            0.002542,            0.002542,            0.002542
                 228,            0.018104,            0.015097,           0.0021621,                   0,                   0,                   0,                   0,                 nan,                 nan,                 nan,            0.002509,            0.002509,            0.002509
                 229,            0.019496,            0.014969,           0.0016307,                   0,                   0,                   0,                   0,                 nan,                 nan,                 nan,            0.002476,            0.002476,            0.002476
                 230,            0.018517,            0.015209,          0.00084936,                   0,                   0,                   0,                   0,                 nan,                 nan,                 nan,            0.002443,            0.002443,            0.002443
                 231,            0.020511,            0.015437,           0.0010695,                   0,                   0,                   0,                   0,                 nan,                 nan,                 nan,             0.00241,             0.00241,             0.00241
                 232,            0.016946,            0.014335,           0.0011436,                   0,                   0,                   0,                   0,                 nan,                 nan,                 nan,            0.002377,            0.002377,            0.002377
                 233,            0.016479,            0.014665,           0.0016566,                   0,                   0,                   0,                   0,                 nan,                 nan,                 nan,            0.002344,            0.002344,            0.002344
                 234,            0.017952,            0.015932,           0.0011435,                   0,                   0,                   0,                   0,                 nan,                 nan,                 nan,            0.002311,            0.002311,            0.002311
                 235,             0.01688,            0.014635,           0.0014627,                   0,                   0,                   0,                   0,                 nan,                 nan,                 nan,            0.002278,            0.002278,            0.002278
                 236,            0.019557,            0.017568,           0.0012732,                   0,                   0,                   0,                   0,                 nan,                 nan,                 nan,            0.002245,            0.002245,            0.002245
                 237,             0.01925,            0.015387,           0.0018473,                   0,                   0,                   0,                   0,                 nan,                 nan,                 nan,            0.002212,            0.002212,            0.002212
                 238,            0.019835,            0.015542,           0.0048854,                   0,                   0,                   0,                   0,                 nan,                 nan,                 nan,            0.002179,            0.002179,            0.002179
                 239,            0.020151,            0.014507,           0.0015732,                   0,                   0,                   0,                   0,                 nan,                 nan,                 nan,            0.002146,            0.002146,            0.002146
                 240,            0.016694,            0.013938,          0.00081014,                   0,                   0,                   0,                   0,                 nan,                 nan,                 nan,            0.002113,            0.002113,            0.002113
                 241,            0.018856,            0.014493,           0.0016221,                   0,                   0,                   0,                   0,                 nan,                 nan,                 nan,             0.00208,             0.00208,             0.00208
                 242,             0.01935,            0.016109,          0.00088307,                   0,                   0,                   0,                   0,                 nan,                 nan,                 nan,            0.002047,            0.002047,            0.002047
                 243,            0.017987,            0.014335,           0.0022316,                   0,                   0,                   0,                   0,                 nan,                 nan,                 nan,            0.002014,            0.002014,            0.002014
                 244,            0.017454,            0.014536,           0.0026648,                   0,                   0,                   0,                   0,                 nan,                 nan,                 nan,            0.001981,            0.001981,            0.001981
                 245,            0.016726,            0.015343,           0.0018449,                   0,                   0,                   0,                   0,                 nan,                 nan,                 nan,            0.001948,            0.001948,            0.001948
                 246,            0.017904,             0.01487,            0.002248,                   0,                   0,                   0,                   0,                 nan,                 nan,                 nan,            0.001915,            0.001915,            0.001915
                 247,            0.019818,            0.015945,           0.0017102,                   0,                   0,                   0,                   0,                 nan,                 nan,                 nan,            0.001882,            0.001882,            0.001882
                 248,            0.017679,            0.014736,           0.0016737,                   0,                   0,                   0,                   0,                 nan,                 nan,                 nan,            0.001849,            0.001849,            0.001849
                 249,            0.016702,            0.015128,          0.00095009,                   0,                   0,                   0,                   0,                 nan,                 nan,                 nan,            0.001816,            0.001816,            0.001816
                 250,            0.019171,            0.015336,           0.0011342,                   0,                   0,                   0,                   0,                 nan,                 nan,                 nan,            0.001783,            0.001783,            0.001783
                 251,            0.017488,             0.01535,           0.0013408,                   0,                   0,                   0,                   0,                 nan,                 nan,                 nan,             0.00175,             0.00175,             0.00175
                 252,            0.016837,            0.014862,          0.00099603,                   0,                   0,                   0,                   0,                 nan,                 nan,                 nan,            0.001717,            0.001717,            0.001717
                 253,            0.017184,            0.014529,          0.00094974,                   0,                   0,                   0,                   0,                 nan,                 nan,                 nan,            0.001684,            0.001684,            0.001684
                 254,            0.018462,            0.014811,           0.0010542,                   0,                   0,                   0,                   0,                 nan,                 nan,                 nan,            0.001651,            0.001651,            0.001651
                 255,            0.016817,            0.014481,          0.00088959,                   0,                   0,                   0,                   0,                 nan,                 nan,                 nan,            0.001618,            0.001618,            0.001618
                 256,            0.016888,            0.015311,          0.00098811,                   0,                   0,                   0,                   0,                 nan,                 nan,                 nan,            0.001585,            0.001585,            0.001585
                 257,             0.01832,            0.015598,           0.0010703,                   0,                   0,                   0,                   0,                 nan,                 nan,                 nan,            0.001552,            0.001552,            0.001552
                 258,             0.01813,            0.014826,           0.0011136,                   0,                   0,                   0,                   0,                 nan,                 nan,                 nan,            0.001519,            0.001519,            0.001519
                 259,            0.017035,            0.014318,           0.0012965,                   0,                   0,                   0,                   0,                 nan,                 nan,                 nan,            0.001486,            0.001486,            0.001486
                 260,             0.01812,            0.014602,          0.00092915,                   0,                   0,                   0,                   0,                 nan,                 nan,                 nan,            0.001453,            0.001453,            0.001453
                 261,             0.01843,            0.015637,           0.0014304,                   0,                   0,                   0,                   0,                 nan,                 nan,                 nan,             0.00142,             0.00142,             0.00142
                 262,             0.01784,            0.015042,           0.0007847,                   0,                   0,                   0,                   0,                 nan,                 nan,                 nan,            0.001387,            0.001387,            0.001387
                 263,            0.017748,            0.014651,           0.0015064,                   0,                   0,                   0,                   0,                 nan,                 nan,                 nan,            0.001354,            0.001354,            0.001354
                 264,            0.018355,            0.015302,           0.0019143,                   0,                   0,                   0,                   0,                 nan,                 nan,                 nan,            0.001321,            0.001321,            0.001321
                 265,            0.018823,            0.014283,           0.0012185,                   0,                   0,                   0,                   0,                 nan,                 nan,                 nan,            0.001288,            0.001288,            0.001288
                 266,             0.01515,            0.013421,          0.00076488,                   0,                   0,                   0,                   0,                 nan,                 nan,                 nan,            0.001255,            0.001255,            0.001255
                 267,             0.01926,            0.015383,           0.0018831,                   0,                   0,                   0,                   0,                 nan,                 nan,                 nan,            0.001222,            0.001222,            0.001222
                 268,            0.016411,             0.01594,          0.00079082,                   0,                   0,                   0,                   0,                 nan,                 nan,                 nan,            0.001189,            0.001189,            0.001189
                 269,            0.016082,            0.014021,          0.00095305,                   0,                   0,                   0,                   0,                 nan,                 nan,                 nan,            0.001156,            0.001156,            0.001156
                 270,            0.017176,            0.014971,           0.0015343,                   0,                   0,                   0,                   0,                 nan,                 nan,                 nan,            0.001123,            0.001123,            0.001123
                 271,            0.014733,             0.01403,          0.00040772,                   0,                   0,                   0,                   0,                 nan,                 nan,                 nan,             0.00109,             0.00109,             0.00109
                 272,            0.015614,            0.014326,          0.00091081,                   0,                   0,                   0,                   0,                 nan,                 nan,                 nan,            0.001057,            0.001057,            0.001057
                 273,            0.016871,            0.014107,          0.00096259,                   0,                   0,                   0,                   0,                 nan,                 nan,                 nan,            0.001024,            0.001024,            0.001024
                 274,            0.016347,            0.015456,           0.0010396,                   0,                   0,                   0,                   0,                 nan,                 nan,                 nan,            0.000991,            0.000991,            0.000991
                 275,            0.017967,            0.015375,          0.00039571,                   0,                   0,                   0,                   0,                 nan,                 nan,                 nan,            0.000958,            0.000958,            0.000958
                 276,            0.017074,            0.014652,           0.0012493,                   0,                   0,                   0,                   0,                 nan,                 nan,                 nan,            0.000925,            0.000925,            0.000925
                 277,            0.016808,            0.014366,          0.00045718,                   0,                   0,                   0,                   0,                 nan,                 nan,                 nan,            0.000892,            0.000892,            0.000892
                 278,            0.017544,            0.014477,           0.0024101,                   0,                   0,                   0,                   0,                 nan,                 nan,                 nan,            0.000859,            0.000859,            0.000859
                 279,            0.017338,            0.013626,          0.00087186,                   0,                   0,                   0,                   0,                 nan,                 nan,                 nan,            0.000826,            0.000826,            0.000826
                 280,            0.015697,             0.01506,          0.00086029,                   0,                   0,                   0,                   0,                 nan,                 nan,                 nan,            0.000793,            0.000793,            0.000793
                 281,            0.017728,            0.015617,          0.00066695,                   0,                   0,                   0,                   0,                 nan,                 nan,                 nan,             0.00076,             0.00076,             0.00076
                 282,            0.014463,            0.013249,          0.00063121,                   0,                   0,                   0,                   0,                 nan,                 nan,                 nan,            0.000727,            0.000727,            0.000727
                 283,            0.015921,            0.014741,          0.00095014,                   0,                   0,                   0,                   0,                 nan,                 nan,                 nan,            0.000694,            0.000694,            0.000694
                 284,            0.015395,            0.013115,          0.00055562,                   0,                   0,                   0,                   0,                 nan,                 nan,                 nan,            0.000661,            0.000661,            0.000661
                 285,            0.015681,            0.013219,           0.0027861,                   0,                   0,                   0,                   0,                 nan,                 nan,                 nan,            0.000628,            0.000628,            0.000628
                 286,            0.016435,            0.013477,           0.0034709,                   0,                   0,                   0,                   0,                 nan,                 nan,                 nan,            0.000595,            0.000595,            0.000595
                 287,            0.016334,            0.015433,           0.0006589,                   0,                   0,                   0,                   0,                 nan,                 nan,                 nan,            0.000562,            0.000562,            0.000562
                 288,            0.015501,            0.015261,           0.0028184,                   0,                   0,                   0,                   0,                 nan,                 nan,                 nan,            0.000529,            0.000529,            0.000529
                 289,            0.018279,            0.013645,            0.001716,                   0,                   0,                   0,                   0,                 nan,                 nan,                 nan,            0.000496,            0.000496,            0.000496
                 290,             0.01574,            0.014768,            0.002138,                   0,                   0,                   0,                   0,                 nan,                 nan,                 nan,            0.000463,            0.000463,            0.000463
                 291,            0.016683,            0.014049,           0.0034539,                   0,                   0,                   0,                   0,                 nan,                 nan,                 nan,             0.00043,             0.00043,             0.00043
                 292,            0.016645,            0.015634,           0.0008899,                   0,                   0,                   0,                   0,                 nan,                 nan,                 nan,            0.000397,            0.000397,            0.000397
                 293,            0.019014,            0.015017,           0.0029756,                   0,                   0,                   0,                   0,                 nan,                 nan,                 nan,            0.000364,            0.000364,            0.000364
                 294,            0.016286,             0.01357,            0.001109,                   0,                   0,                   0,                   0,                 nan,                 nan,                 nan,            0.000331,            0.000331,            0.000331
                 295,            0.015639,            0.014262,           0.0011737,                   0,                   0,                   0,                   0,                 nan,                 nan,                 nan,            0.000298,            0.000298,            0.000298
                 296,             0.01567,            0.014572,          0.00080496,                   0,                   0,                   0,                   0,                 nan,                 nan,                 nan,            0.000265,            0.000265,            0.000265
                 297,            0.017195,            0.014413,           0.0016249,                   0,                   0,                   0,                   0,                 nan,                 nan,                 nan,            0.000232,            0.000232,            0.000232
                 298,            0.016835,            0.013524,           0.0012218,                   0,                   0,                   0,                   0,                 nan,                 nan,                 nan,            0.000199,            0.000199,            0.000199
                 299,            0.015574,            0.013962,           0.0010257,                   0,                   0,                   0,                   0,                 nan,                 nan,                 nan,            0.000166,            0.000166,            0.000166
